<?xml version="1.0" encoding="UTF-8"?>
<project-private xmlns="http://www.netbeans.org/ns/project-private/1">
    <editor-bookmarks xmlns="http://www.netbeans.org/ns/editor-bookmarks/2" lastBookmarkId="0"/>
    <open-files xmlns="http://www.netbeans.org/ns/projectui-open-files/2">
        <group>
            <file>file:/C:/Users/Kody/Documents/Projects/CS3130/CS3830_prog3/brandk_prog3/src/HTTP.java</file>
            <file>file:/C:/Users/Kody/Documents/Projects/CS3130/CS3830_prog3/brandk_prog3/src/HTTPRequest.java</file>
            <file>file:/C:/Users/Kody/Documents/Projects/CS3130/CS3830_prog3/brandk_prog3/src/WebServer.java</file>
            <file>file:/C:/Users/Kody/Documents/Projects/CS3130/CS3830_prog3/brandk_prog3/src/Main.java</file>
        </group>
    </open-files>
</project-private>
